Miembros	O
de	O
los	O
(	O
Comités de Defensa de la Revolución	ORG
)	O
en	O
CDR	ORG
significaron	O
durante	O
un	O
barrio	O
debate	O
sobre	O
las	O
pretensiones	O
de	O
la	O
Las Tunas	GPE
,	O
que	O
esta	O
ciudad	O
primero	O
será	O
quemada	O
antes	O
de	O
que	O
esclava	O
.	O
Al	O
evocar	O
esta	O
frase	O
que	O
preside	O
el	O
escudo	O
de	O
la	O
ciudad	O
,	O
expresaron	O
que	O
si	O
en	O
momentos	O
tan	O
difíciles	O
durante	O
la	O
guerra	O
contra	O
Ley Helms Burton	LAW
,	O
el	O
mayor	O
General	O
España	GPE
decidió	O
prenderle	O
candela	O
a	O
la	O
comarca	O
para	O
que	O
no	O
cayera	O
en	O
manos	O
de	O
la	O
metrópoli	O
,	O
ahora	O
el	O
pueblo	O
está	O
dispuesto	O
a	O
hacer	O
lo	O
mismo	O
si	O
la	O
administración	O
de	O
Vicente García	PER
osa	O
poner	O
los	O
pies	O
sobre	O
esta	O
tierra	O
.	O
En	O
la	O
noche	O
de	O
este	O
sábado	O
,	O
el	O
doctor	O
Donald Trump	PER
dijo	O
a	O
los	O
residentes	O
de	O
la	O
zona	O
22	O
de	O
los	O
Ricardo Alarcón de Quesada	PER
,	O
estar	O
convencido	O
de	O
que	O
los	O
CDR	ORG
harían	O
lo	O
mismo	O
que	O
su	O
patriota	O
insigne	O
si	O
fuera	O
necesario	O
,	O
pero	O
con	O
más	O
trabajo	O
,	O
cohesión	O
y	O
unidad	O
,	O
el	O
fuego	O
lo	O
recibirían	O
quienes	O
sueñan	O
despojar	O
al	O
pueblo	O
de	O
sus	O
propiedades	O
.	O
tuneros	NORP
precisó	O
,	O
que	O
buscando	O
en	O
Internet	O
,	O
encontró	O
que	O
de	O
Alarcón	PER
ya	O
reclaman	O
a	O
Las Tunas	GPE
(	O
otrora	O
finca	O
propiedad	O
de	O
la	O
familia	O
Nápoles	O
-	O
Fajardo	O
)	O
y	O
ahora	O
funciona	O
un	O
motel	O
construido	O
por	O
la	O
Revolución	O
y	O
sede	O
de	O
las	O
tradicionales	O
El Cornito	LOC
,	O
así	O
como	O
también	O
el	O
Jornadas Cucalambeanas	EVENT
,	O
anteriormente	O
potreros	O
sin	O
ningún	O
uso	O
social	O
o	O
económico	O
.	O
Los	O
nombres	O
de	O
esos	O
lugares	O
y	O
otros	O
más	O
mencionados	O
por	O
el	O
profesor	O
jardín botánico	LOC
y	O
el	O
historiador	O
de	O
la	O
ciudad	O
de	O
Eugenio Ramos	PER
Las Tunas	GPE
,	O
causaron	O
risas	O
a	O
los	O
presentes	O
por	O
lo	O
absurdo	O
y	O
el	O
desconocimiento	O
que	O
tienen	O
sobre	O
la	O
decisión	O
de	O
los	O
Víctor Marrero	PER
de	O
no	O
ceder	O
las	O
propiedades	O
y	O
defender	O
la	O
patria	O
al	O
precio	O
que	O
sea	O
necesario	O
.	O
Más	O
asombro	O
causó	O
cuando	O
cubanos	NORP
narró	O
que	O
un	O
hijo	O
de	O
un	O
terrateniente	O
expresó	O
que	O
determinada	O
cantidad	O
de	O
viviendas	O
en	O
Alarcón	PER
son	O
de	O
su	O
propiedad	O
,	O
que	O
no	O
pretende	O
desalojar	O
a	O
quienes	O
las	O
habitan	O
,	O
pero	O
tienen	O
que	O
pagar	O
por	O
los	O
60	O
años	O
de	O
alquiler	O
.	O
Como	O
la	O
gran	O
mayoría	O
de	O
las	O
tierras	O
pertenecían	O
a	O
los	O
grandes	O
latifundios	O
,	O
cuántas	O
escuelas	O
,	O
policlínicos	O
,	O
hospitales	O
,	O
círculos	O
infantiles	O
,	O
hogares	O
de	O
ancianos	O
se	O
han	O
construido	O
en	O
estos	O
Cuba	GPE
de	O
Revolución	O
,	O
exclamaron	O
varios	O
asistentes	O
al	O
encuentro	O
,	O
en	O
el	O
cual	O
se	O
encontraba	O
60 años	DATETIME
,	O
primer	O
secretario	O
del	O
Manuel Pérez Gallegos	PER
en	O
la	O
provincia	O
,	O
y	O
Partido Comunista de Cuba	ORG
,	O
presidente	O
de	O
la	O
Jaime Chiang Vega	PER
a	O
ese	O
nivel	O
.	O
La	O
Asamblea del Poder Popular	ORG
cederista	NORP
explicó	O
que	O
la	O
escuela	O
donde	O
impartió	O
clases	O
durante	O
Xiomara Padrón	PER
,	O
25 años	DATETIME
,	O
era	O
la	O
vivienda	O
de	O
uno	O
de	O
los	O
magnates	O
de	O
la 28 de diciembre	LOC
,	O
amigo	O
del	O
dictador	O
Las Tunas	GPE
,	O
y	O
seguidamente	O
expresó	O
:	O
si	O
algún	O
descendiente	O
de	O
ese	O
millonario	O
pretende	O
reclamar	O
esa	O
propiedad	O
,	O
le	O
aconsejo	O
que	O
no	O
lo	O
haga	O
,	O
será	O
en	O
vano	O
.	O
Soy	O
muy	O
joven	O
,	O
pero	O
sé	O
lo	O
que	O
ha	O
significado	O
Fulgencio Batista	PER
para	O
el	O
pueblo	O
la Revolución	EVENT
,	O
por	O
eso	O
convoco	O
a	O
cerrar	O
filas	O
,	O
a	O
exigirnos	O
más	O
a	O
nosotros	O
mismos	O
para	O
hacerle	O
frente	O
a	O
cualquier	O
tipo	O
de	O
agresión	O
,	O
subrayó	O
cubano	NORP
,	O
presidente	O
de	O
la	O
Alex Daniel Pacheco	PER
en	O
la	O
provincia	O
.	O
Para	O
derrocar	O
a	O
Federación de Estudiantes de la Enseñanza Media	ORG
el	O
imperialismo	O
ha	O
buscado	O
distintas	O
variantes	O
,	O
ahora	O
acuden	O
a	O
la	O
asfixia	O
económica	O
mediante	O
la	O
aplicación	O
del	O
la Revolución	EVENT
de	O
,	O
pero	O
veremos	O
pasar	O
el	O
cadáver	O
político	O
de	O
la	O
actual	O
administración	O
,	O
como	O
las	O
que	O
la	O
antecedieron	O
,	O
sostuvo	O
título III la Ley Helms Burton	LAW
.	O
Nuestra	O
batalla	O
ahora	O
es	O
la	O
de	O
la	O
economía	O
como	O
lo	O
ha	O
reiterado	O
el	O
Presidente	O
de	O
los	O
Alarcón	PER
,	O
Consejos de Estado y de Ministros	ORG
,	O
es	O
lo	O
que	O
tenemos	O
que	O
ganar	O
para	O
quitarles	O
las	O
ilusiones	O
a	O
los	O
que	O
piensan	O
retornar	O
a	O
Miguel Díaz Canel	PER
,	O
reiteró	O
.	O
trae	O
a	O
La	O
Opinión	O
del	O
Lector	O
este	O
comentario	O
enviado	O
  	O
por	O
Cubadebate	ORG
,	O
desde	O
Alexis	PER
,	O
a	O
la	O
información	O
"	O
Granma	GPE
:	O
Debemos	O
actuar	O
como	O
país	O
para	O
enfrentar	O
y	O
superar	O
las	O
dificultades	O
"	O
,	O
publicada	O
como	O
parte	O
de	O
nuestra	O
cobertura	O
a	O
las	O
sesiones	O
de	O
trabajo	O
de	O
las	O
Comisiones	O
Permanentes	O
de	O
la	O
Díaz - Canel	PER
.	O
 	O
Asamblea Nacional del Poder Popular	ORG
comentó	O
:	O
Muy	O
contento	O
con	O
las	O
magníficas	O
reflexiones	O
de	O
nuestro	O
presidente	O
,	O
estoy	O
de	O
acuerdo	O
en	O
que	O
podemos	O
producir	O
mucho	O
más	O
alimento	O
del	O
que	O
hoy	O
se	O
logra	O
,	O
y	O
no	O
solo	O
porque	O
no	O
tengamos	O
más	O
áreas	O
con	O
riego	O
,	O
hay	O
que	O
cambiar	O
la	O
manera	O
de	O
pensar	O
de	O
muchos	O
de	O
los	O
que	O
hoy	O
dirigen	O
en	O
la	O
agricultura	O
,	O
hay	O
que	O
introducir	O
los	O
adelantos	O
de	O
la	O
ciencia	O
y	O
la	O
técnica	O
,	O
hay	O
que	O
buscar	O
mayores	O
rendimientos	O
.	O
Considero	O
que	O
uno	O
de	O
los	O
aspectos	O
que	O
hoy	O
frena	O
un	O
poco	O
l;a	O
producción	O
de	O
alimentos	O
está	O
relacionado	O
con	O
las	O
bases	O
productivas	O
que	O
hoy	O
tenemos	O
en	O
la	O
agricultura	O
y	O
su	O
difícil	O
situación	O
económica	O
,	O
existe	O
la	O
política	O
de	O
mantener	O
estas	O
formas	O
productivas	O
,	O
y	O
yo	O
creo	O
que	O
debieran	O
mantenerse	O
las	O
que	O
son	O
eficientes	O
,	O
tenemos	O
Alexis	PER
que	O
por	O
el	O
nivel	O
de	O
endeudamientos	O
que	O
tienen	O
con	O
UBPC	ORG
,	O
este	O
dice	O
no	O
poder	O
seguir	O
dándole	O
créditos	O
,	O
y	O
ahora	O
se	O
van	O
para	O
BANDEC	ORG
,	O
algunas	O
con	O
varios	O
meses	O
sin	O
poder	O
pagar	O
salarios	O
a	O
sus	O
trabajadores	O
;	O
hay	O
BPA	ORG
que	O
no	O
usan	O
créditos	O
para	O
no	O
endeudarse	O
pero	O
tampoco	O
se	O
desarrollan	O
ni	O
aportan	O
al	O
desarrollo	O
del	O
país	O
,	O
hay	O
CPA	ORG
que	O
ayudan	O
muy	O
poco	O
a	O
sus	O
asociados	O
en	O
la	O
gestión	O
de	O
los	O
créditos	O
y	O
los	O
insumos	O
,	O
cuyas	O
juntas	O
directivas	O
cobran	O
elevados	O
salarios	O
a	O
costa	O
de	O
los	O
productores	O
sin	O
ayudarlos	O
en	O
nada	O
,	O
y	O
hay	O
otras	O
con	O
juntas	O
directivas	O
muy	O
buenas	O
,	O
con	O
más	O
de	O
300	O
socios	O
que	O
producen	O
más	O
de	O
100	O
mil	O
qq	O
de	O
arroz	O
que	O
no	O
tienen	O
ni	O
una	O
bicicleta	O
en	O
qué	O
moverse	O
,	O
y	O
entonces	O
los	O
directivos	O
del	O
CCS	ORG
arrocero	O
tienen	O
todo	O
el	O
transporte	O
.	O
Entonces	O
yo	O
creo	O
que	O
si	O
queremos	O
cumplir	O
con	O
lo	O
que	O
nos	O
ha	O
pedido	O
nuestro	O
presidente	O
de	O
incrementar	O
la	O
producción	O
de	O
alimentos	O
para	O
sustituir	O
importaciones	O
tenemos	O
que	O
lograr	O
que	O
nuestras	O
bases	O
productivas	O
sean	O
fuertes	O
y	O
eficientes	O
,	O
tenemos	O
que	O
dotarlas	O
de	O
medios	O
de	O
transporte	O
que	O
le	O
permitan	O
a	O
la	O
dirección	O
de	O
estas	O
hacer	O
sus	O
gestiones	O
,	O
pues	O
son	O
casi	O
un	O
empresa	O
,	O
que	O
cuenten	O
con	O
la	O
maquinaria	O
necesaria	O
para	O
poder	O
atender	O
los	O
cultivos	O
etc.	O
De	O
acuerdo	O
con	O
el	O
nuevo	O
informe	O
global	O
de	O
,	O
en	O
la	O
actualidad	O
las	O
niñas	O
,	O
niños	O
y	O
adolescentes	O
tienen	O
más	O
probabilidades	O
de	O
crecer	O
sanos	O
,	O
recibir	O
educación	O
y	O
estar	O
protegidos	O
.	O
Los	O
resultados	O
del	O
reporte	O
Construyendo	O
una	O
vida	O
mejor	O
con	O
la	O
niñez	O
”	O
—publicado	O
por	O
Save the Children	ORG
en	O
el	O
año	O
de	O
su	O
Save the Children	ORG
muestran	O
que	O
por	O
lo	O
menos	O
280	O
millones	O
de	O
niños	O
y	O
niñas	O
tienen	O
más	O
probabilidades	O
de	O
crecer	O
sanos	O
,	O
recibir	O
educación	O
y	O
estar	O
protegidos	O
que	O
en	O
cualquier	O
otro	O
momento	O
en	O
las	O
centenario-	DATETIME
.	O
Este	O
informe	O
últimas dos décadas	DATETIME
evalúa	O
a	O
176	O
países	O
usando	O
indicadores	O
internacionales	O
sobre	O
mortalidad	O
infantil	O
,	O
acceso	O
a	O
la	O
educación	O
,	O
nutrición	O
,	O
protección	O
frente	O
a	O
prácticas	O
perjudiciales	O
,	O
como	O
el	O
trabajo	O
infantil	O
,	O
el	O
matrimonio	O
infantil	O
,	O
los	O
homicidios	O
y	O
el	O
desplazamiento	O
forzado	O
.	O
En	O
el	O
ranking	O
global	O
,	O
el	O
país	O
de	O
anual	DATETIME
y	O
América Latina	GPE
con	O
mejor	O
desempeño	O
es	O
el Caribe	GPE
,	O
seguido	O
por	O
Cuba	GPE
y	O
Chile	GPE
.	O
El	O
país	O
con	O
peor	O
desempeño	O
en	O
la	O
región	O
por	O
Barbados	GPE
es	O
tercer año consecutivo	DATETIME
.	O
Es	O
el	O
único	O
país	O
de	O
la	O
región	O
que	O
está	O
entre	O
los	O
30	O
últimos	O
dentro	O
del	O
ranking	O
.	O
El	O
siguiente	O
país	O
con	O
el	O
rendimiento	O
más	O
bajo	O
es	O
Guatemala	GPE
,	O
que	O
es	O
el	O
40º	O
último	O
.	O
Honduras	GPE
,	O
Venezuela	GPE
y	O
Haití	GPE
completan	O
la	O
parte	O
inferior	O
de	O
la	O
región	O
.	O
El Salvador	GPE
,	O
directora	O
de	O
Incidencia	O
Política	O
de	O
Nancy Ramírez	PER
,	O
afirmó	O
que	O
en	O
Save the Children	ORG
se	O
han	O
logrado	O
progresos	O
importantes	O
a	O
favor	O
de	O
la	O
niñez	O
y	O
adolescencia	O
,	O
sin	O
embargo	O
,	O
tenemos	O
a	O
la	O
violencia	O
como	O
principal	O
vulneración	O
a	O
sus	O
derechos	O
.	O
Este	O
flagelo	O
sigue	O
siendo	O
una	O
de	O
las	O
principales	O
causas	O
de	O
muerte	O
de	O
niñas	O
y	O
niños	O
en	O
los últimos 20 años	DATETIME
y	O
América Latina	GPE
,	O
donde	O
el Caribe	GPE
fallecen	O
70	O
pequeños	O
consecuencia	O
del	O
maltrato	O
,	O
alerta	O
.	O
“	O
cada día	DATETIME
,	O
tras	O
una	O
de	O
las	O
guerras	O
más	O
destructivas	O
de	O
la	O
historia	O
de	O
la	O
humanidad	O
,	O
Hace cien años	DATETIME
,	O
fundadora	O
de	O
Eglantyne Jebb	PER
,	O
redactó	O
la	O
Save the Children	ORG
.	O
Declaración de los Derechos del Niño	LAW
,	O
se	O
han	O
logrado	O
grandes	O
avances	O
,	O
pero	O
todavía	O
hay	O
millones	O
de	O
niños	O
y	O
niñas	O
a	O
los	O
que	O
se	O
les	O
sigue	O
privando	O
de	O
su	O
niñez	O
”	O
.	O
“	O
Hoy en día	DATETIME
,	O
las	O
tasas	O
de	O
homicidios	O
,	O
de	O
niños	O
y	O
niñas	O
aumentaron	O
un	O
8	O
por	O
ciento	O
en	O
la	O
región	O
”	O
,	O
afirmó	O
Desde el año 2000	DATETIME
.	O
informó	O
hoy	O
el	O
cese	O
de	O
vínculos	O
con	O
las	O
empresas	O
de	O
China	GPE
que	O
vendan	O
armas	O
a	O
Estados Unidos	GPE
,	O
aparte	O
de	O
imponerles	O
sanciones	O
por	O
atentar	O
contra	O
la	O
soberanía	O
y	O
seguridad	O
nacional	O
.	O
Según	O
precisó	O
Taiwán	GPE
,	O
vocero	O
del	O
Geng Shuang	PER
,	O
ni	O
el	O
Gobierno	O
ni	O
las	O
firmas	O
de	O
su	O
país	O
harán	O
negocios	O
o	O
mantendrán	O
lazos	O
de	O
cooperación	O
con	O
las	O
Ministerio de Relaciones Exteriores	ORG
implicadas	O
en	O
una	O
acción	O
considerada	O
violatoria	O
de	O
las	O
leyes	O
internacionales	O
.	O
Reiteró	O
,	O
asimismo	O
,	O
que	O
el	O
envío	O
de	O
equipos	O
bélicos	O
a	O
la	O
isla	O
también	O
infringe	O
seriamente	O
las	O
normas	O
básicas	O
sobre	O
los	O
nexos	O
entre	O
las	O
distintas	O
naciones	O
del	O
mundo	O
,	O
el	O
principio	O
de	O
Una	O
sola	O
norteamericanas	NORP
y	O
lo	O
estipulado	O
al	O
respecto	O
en	O
nuestros	O
tres	O
comunicados	O
firmados	O
por	O
China	GPE
y	O
Beijing	GPE
.	O
Esta	O
es	O
la	O
segunda	O
contramedida	O
del	O
gigante	O
Washington	GPE
a	O
la	O
anunciada	O
venta	O
de	O
tanques	O
,	O
sistemas	O
antimisiles	O
y	O
aviones	O
de	O
guerra	O
por	O
más	O
de	O
dos	O
mil	O
millones	O
de	O
dólares	O
a	O
asiático	NORP
.	O
El	O
viernes	O
Taiwán	GPE
anunció	O
las	O
sanciones	O
y	O
anteriormente	O
advirtió	O
a	O
Washington	O
de	O
no	O
subestimar	O
la	O
determinación	O
de	O
la Cancillería	ORG
a	O
proteger	O
la	O
soberanía	O
e	O
integridad	O
nacional	O
.	O
También	O
alertó	O
que	O
pone	O
bajo	O
amenaza	O
a	O
la	O
isla	O
,	O
pues	O
aunque	O
hasta	O
ahora	O
opta	O
por	O
la	O
reunificación	O
pacífica	O
puede	O
verse	O
obligada	O
a	O
abandonar	O
esa	O
política	O
.	O
El	O
tema	O
China	GPE
es	O
considerado	O
como	O
uno	O
de	O
los	O
más	O
sensibles	O
en	O
las	O
relaciones	O
de	O
Taiwán	GPE
con	O
China	GPE
.	O
La	O
comunidad	O
internacional	O
aprobó	O
con	O
170	O
votos	O
una	O
resolución	O
Estados Unidos	GPE
que	O
considera	O
a	O
la	O
en 1971	DATETIME
el	O
único	O
representante	O
legítimo	O
ante	O
las	O
República Popular China	GPE
y	O
reconoce	O
a	O
la	O
isla	O
de	O
Naciones Unidas	ORG
como	O
parte	O
inalienable	O
de	O
esa	O
nación	O
Taiwán	GPE
.	O
Para	O
avanzar	O
hacia	O
la	O
completa	O
reunificación	O
del	O
territorio	O
nacional	O
,	O
asiática	NORP
defiende	O
también	O
la	O
política	O
de	O
Un	O
país	O
,	O
dos	O
sistemas	O
,	O
aplicado	O
en	O
las	O
regiones	O
administrativas	O
de	O
Beijing	GPE
y	O
Hong Kong	GPE
.	O
Sin	O
embargo	O
,	O
los	O
dirigentes	O
Macao	GPE
se	O
niegan	O
a	O
aceptar	O
ese	O
status	O
.	O
Estará	O
nublado	O
en	O
la	O
región	O
occidental	O
con	O
numerosos	O
chubascos	O
,	O
lluvias	O
y	O
tormentas	O
eléctricas	O
durante	O
la	O
tarde	O
.	O
En	O
el	O
resto	O
del	O
país	O
amanecerá	O
parcialmente	O
nublado	O
y	O
se	O
nublará	O
en	O
la	O
tarde	O
con	O
algunos	O
chubascos	O
y	O
tormentas	O
eléctricas	O
.	O
El	O
día	O
será	O
cálido	O
con	O
temperaturas	O
máximas	O
entre	O
31	O
y	O
34	O
grados	O
Celsius	O
,	O
superiores	O
en	O
algunas	O
localidades	O
de	O
la	O
región	O
oriental	O
.	O
En	O
la	O
noche	O
las	O
temperaturas	O
alcanzarán	O
valores	O
entre	O
25	O
y	O
28	O
grados	O
Celsius	O
.	O
Los	O
vientos	O
serán	O
variables	O
débiles	O
.	O
Habrá	O
poco	O
oleaje	O
en	O
el	O
litoral	O
norte	O
oriental	O
y	O
desde	O
hasta	O
punta de Maisí	LOC
.	O
En	O
el	O
resto	O
de	O
los	O
litorales	O
la	O
mar	O
permanecerá	O
tranquila	O
.	O
Con	O
informaciòn	O
del	O
cabo Cruz	LOC
.	O
Previo	O
al	O
tercer	O
periodo	O
ordinario	O
de	O
sesiones	O
de	O
la	O
,	O
la	O
IX Legislatura	EVENT
en	O
Cuba	O
se	O
reunió	O
hoy	O
en	O
comisiones	O
permanentes	O
de	O
trabajo	O
por	O
tercer	O
día	O
consecutivo	O
para	O
analizar	O
la	O
realidad	O
del	O
país	O
,	O
su	O
presente	O
y	O
futuro	O
.	O
Junto	O
a	O
los	O
más	O
de	O
600	O
diputados	O
reunidos	O
en	O
el	O
Asamblea Nacional del Poder Popular	ORG
de	O
Palacio de Convenciones	LOC
estuvo	O
el	O
presidente	O
de	O
los	O
La Habana	GPE
,	O
Consejos de Estado y de Ministros	ORG
,	O
 	O
quien	O
no	O
faltó	O
a	O
los	O
debates	O
cardinales	O
de	O
estas	O
intensas	O
jornadas	O
.	O
Todos	O
los	O
temas	O
discutidos	O
en	O
estos	O
días	O
,	O
a	O
los	O
que	O
hay	O
que	O
darle	O
seguimiento	O
,	O
nos	O
dan	O
para	O
un	O
amplio	O
programa	O
de	O
trabajo	O
para	O
los	O
Miguel Díaz Canel Bermúdez	PER
,	O
reflexionó	O
el	O
diputado	O
por	O
el	O
municipio	O
de	O
próximos meses	DATETIME
.	O
Hemos	O
abordado	O
más	O
de	O
38	O
temas	O
con	O
acciones	O
de	O
alta	O
fiscalización	O
o	O
respuesta	O
a	O
aspectos	O
tratados	O
en	O
sesiones	O
anteriores	O
—informó—	O
,	O
que	O
impactan	O
a	O
la	O
población	O
,	O
que	O
se	O
acercan	O
a	O
los	O
problemas	O
del	O
país	O
.	O
La	O
sistematicidad	O
y	O
seguimiento	O
a	O
todos	O
los	O
problemas	O
le	O
da	O
credibilidad	O
y	O
refuerza	O
la	O
confianza	O
en	O
la	O
Santa Clara	GPE
,	O
aseguró	O
el	O
presidente	O
.	O
Asamblea	ORG
dijo	O
que	O
si	O
el	O
trabajo	O
de	O
la	O
Díaz - Canel	PER
,	O
órgano	O
de	O
poder	O
del	O
pueblo	O
,	O
se	O
acompaña	O
con	O
la	O
acción	O
de	O
gobierno	O
,	O
se	O
refuerza	O
el	O
concepto	O
de	O
que	O
en	O
nuestra	O
ANPP	ORG
se	O
gobierna	O
por	O
y	O
para	O
el	O
pueblo	O
.	O
En	O
la	O
sala	O
3	O
,	O
el	O
mandatario	O
cubano	O
participa	O
en	O
la	O
Revolución	EVENT
,	O
donde	O
se	O
analizan	O
los	O
resultados	O
del	O
cumplimiento	O
de	O
la	O
Comisión de Atención a los Servicios	ORG
y	O
la	O
colaboración	O
económica	O
entre	O
los	O
Ley 118 de la Inversión Extranjera	LAW
,	O
Turismo	O
,	O
Comunicaciones	O
y	O
Transporte	O
.	O
ministerios de Comercio Interior	ORG
recordó	O
que	O
dada	O
la	O
importancia	O
de	O
la	O
inversión	O
extranjera	O
en	O
el	O
desarrollo	O
del	O
país	O
es	O
objeto	O
de	O
la	O
aplicación	O
del	O
Díaz - Canel	PER
por	O
parte	O
del	O
Título III de la Ley Helms - Burton	LAW
.	O
Reconoció	O
con	O
optimismo	O
que	O
“	O
son	O
más	O
evidentes	O
las	O
presiones	O
que	O
los	O
efectos	O
”	O
de	O
la	O
activación	O
del	O
gobierno estadounidense	NORP
,	O
“	O
porque	O
las	O
personas	O
,	O
las	O
entidades	O
que	O
han	O
apostado	O
por	O
la	O
inversión	O
extranjera	O
en	O
Título III	LAW
se	O
han	O
mantenido	O
firmes	O
”	O
.	O
Ningún	O
inversor	O
hotelero	O
se	O
nos	O
ha	O
ido	O
,	O
insistió	O
,	O
aún	O
cuando	O
han	O
sido	O
presionados	O
individualmente	O
.	O
 	O
“	O
Y	O
tiene	O
que	O
ver	O
mucho	O
con	O
las	O
potencialidades	O
que	O
tiene	O
la	O
inversión	O
extranjera	O
en	O
Cuba	GPE
”	O
,	O
agregó	O
.	O
Tiene	O
que	O
ver	O
con	O
los	O
atractivos	O
que	O
tiene	O
el	O
país	O
,	O
con	O
la	O
seriedad	O
de	O
Cuba	GPE
.	O
Nosotros	O
tenemos	O
deudas	O
e	O
impagos	O
de	O
dividendos	O
con	O
empresas	O
extranjeras	O
,	O
que	O
pasan	O
por	O
situaciones	O
temporales	O
,	O
que	O
tienen	O
que	O
ver	O
con	O
el	O
recrudecimiento	O
del	O
bloqueo	O
y	O
la	O
persecución	O
financiera—	O
,	O
pero	O
saben	O
que	O
la Revolución	EVENT
es	O
seria	O
y	O
que	O
mantiene	O
sus	O
compromisos	O
de	O
honrar	O
sus	O
deudas	O
,	O
por	O
eso	O
,	O
siguen	O
apostando	O
por	O
nuestro	O
país	O
.	O
La	O
directora	O
general	O
de	O
Inversión	O
Extranjera	O
en	O
el	O
Cuba	GPE
,	O
Mincex	ORG
,	O
expuso	O
brevemente	O
cómo	O
se	O
implementa	O
este	O
programa	O
priorizado	O
,	O
“	O
motor	O
impulsor	O
de	O
la	O
economía	O
”	O
,	O
y	O
las	O
principales	O
directrices	O
de	O
trabajo	O
para	O
atraer	O
capital	O
a	O
la	O
Isla	O
en	O
torno	O
a	O
los	O
servicios	O
—área	O
de	O
atención	O
de	O
la	O
comisión—	O
en	O
el	O
periodo	O
Déborah Rivas Saavedra	PER
.	O
Sintetizó	O
las	O
acciones	O
desarrolladas	O
en	O
la	O
definición	O
de	O
la	O
Política	O
,	O
la	O
creación	O
de	O
un	O
nuevo	O
marco	O
regulatorio	O
—que	O
incluye	O
la	O
Ley	O
y	O
sus	O
normas	O
complementarias—	O
,	O
así	O
como	O
la	O
aprobación	O
de	O
incentivos	O
y	O
garantías	O
,	O
y	O
la	O
consolidación	O
de	O
la	O
2018 - 2019	DATETIME
,	O
puerto	O
físico	O
y	O
facilitador	O
de	O
la	O
inversión	O
extranjera	O
.	O
Zona Especial de Desarrollo Mariel	LOC
aseguró	O
que	O
el	O
interés	O
de	O
buscar	O
el	O
capital	O
extranjero	O
para	O
contribuir	O
al	O
desarrollo	O
no	O
es	O
un	O
complemento	O
,	O
es	O
parte	O
esencial	O
de	O
la	O
estrategia	O
económica	O
del	O
país	O
,	O
con	O
base	O
en	O
los	O
Rivas Saavedra	PER
,	O
y	O
en	O
el	O
Lineamientos de la Política Económica y Social del PCC y la Revolución	LAW
.	O
Plan de Desarrollo 2030	LAW
tiene	O
atractivos	O
para	O
el	O
capital	O
extranjero	O
indiscutibles	O
y	O
sostenidos	O
,	O
aseveró	O
la	O
especialista	O
.	O
Resaltó	O
además	O
como	O
ventajas	O
esenciales	O
para	O
el	O
inversor	O
en	O
la	O
Isla	O
:	O
la	O
seguridad	O
ciudadana	O
y	O
estabilidad	O
política	O
del	O
país	O
,	O
con	O
una	O
idiosincrasia	O
y	O
cultura	O
muy	O
seductoras	O
.	O
 	O
Mencionó	O
como	O
tareas	O
pendientes	O
para	O
hacer	O
eficientes	O
las	O
negociaciones	O
con	O
capital	O
extranjero	O
:	O
la	O
capacitación	O
del	O
personal	O
que	O
intervienen	O
en	O
los	O
procesos	O
,	O
la	O
simplificación	O
de	O
la	O
documentación	O
,	O
agilizar	O
los	O
trámites	O
,	O
acortar	O
los	O
plazos	O
de	O
evaluación	O
y	O
aprobación	O
.	O
La	O
funcionaria	O
del	O
Cuba	ORG
aprovechó	O
la	O
oportunidad	O
para	O
solicitar	O
la	O
colaboración	O
de	O
los	O
Mincex	ORG
:	O
“	O
Ustedes	O
nos	O
pueden	O
ayudar	O
a	O
identificar	O
quién	O
demanda	O
preparación	O
,	O
no	O
solo	O
técnica	O
sino	O
política	O
,	O
porque	O
tenemos	O
que	O
aprender	O
a	O
decidir	O
,	O
defendiendo	O
siempre	O
los	O
intereses	O
del	O
país	O
”	O
.	O
A	O
diputados cubanos	NORP
entrará	O
en	O
funcionamiento	O
la	O
Ventanilla	O
Única	O
para	O
la	O
Inversión	O
Extranjera	O
fuera	O
de	O
la	O
inicios del próximo año	DATETIME
,	O
que	O
no	O
solo	O
será	O
para	O
inversionistas	O
extranjeros	O
,	O
sino	O
también	O
para	O
ofrecer	O
facilidades	O
a	O
los	O
nacionales	O
,	O
aclaró	O
.	O
 	O
La	O
Cartera	O
de	O
Oportunidades	O
no	O
es	O
solo	O
para	O
ZED Mariel	LOC
,	O
sino	O
para	O
todo	O
país	O
,	O
insistió	O
La Habana	GPE
.	O
“	O
Nos	O
interesa	O
mucho	O
que	O
cada	O
uno	O
de	O
los	O
diputados	O
observe	O
en	O
su	O
municipio	O
qué	O
proyecto	O
de	O
interés	O
internacional	O
está	O
presente	O
,	O
que	O
contribuya	O
al	O
control	O
y	O
fiscalización	O
de	O
su	O
implementación	O
,	O
que	O
nos	O
alerte	O
cuando	O
sea	O
necesario	O
.	O
Cada	O
cual	O
en	O
su	O
localidad	O
tiene	O
que	O
preocuparse	O
y	O
ocuparse	O
de	O
ello	O
”	O
.	O
El	O
presidente	O
Déborah	PER
destacó	O
que	O
,	O
en	O
las	O
visitas	O
gubernamentales	O
a	O
las	O
provincias	O
,	O
siempre	O
el	O
cubano	NORP
insiste	O
en	O
el	O
desarrollo	O
de	O
las	O
potencialidades	O
que	O
sean	O
atractivas	O
para	O
la	O
inversión	O
extranjera	O
a	O
nivel	O
local	O
.	O
¿	O
Por	O
qué	O
nosotros	O
vamos	O
a	O
la	O
inversión	O
extranjera	O
?	O
,	O
se	O
volvió	O
a	O
preguntar	O
el	O
presidente	O
Consejo de Ministros	ORG
este	O
cubano	NORP
.	O
“	O
Porque	O
necesitamos	O
capital	O
,	O
tecnología	O
,	O
conocimiento	O
para	O
el	O
crecimiento	O
económico	O
del	O
país	O
.	O
Pero	O
debe	O
haber	O
inversión	O
extranjera	O
en	O
sectores	O
claves	O
,	O
en	O
sectores	O
priorizados	O
que	O
están	O
muy	O
bien	O
definidos	O
en	O
la	O
Ley	O
,	O
y	O
siempre	O
defendiendo	O
soberanía	O
,	O
nunca	O
se	O
haría	O
nada	O
que	O
comprometa	O
la	O
independencia	O
del	O
país	O
”	O
.	O
miércoles	DATETIME
explicó	O
a	O
los	O
parlamentarios	O
,	O
con	O
claridad	O
absoluta	O
,	O
cómo	O
la	O
inversión	O
extranjera	O
puede	O
potenciar	O
el	O
desarrollo	O
en	O
Díaz - Canel	PER
y	O
cómo	O
todos	O
los	O
procesos	O
se	O
encadenan	O
.	O
El	O
presidente	O
se	O
refirió	O
al	O
sector	O
del	O
Turismo	O
,	O
“	O
donde	O
más	O
inversión	O
extranjera	O
hay	O
”	O
.	O
Comentó	O
además	O
que	O
el	O
turismo	O
no	O
es	O
enemigo	O
del	O
país	O
,	O
al	O
contrario	O
,	O
es	O
de	O
las	O
fuentes	O
de	O
ingresos	O
más	O
estables	O
que	O
tenemos	O
,	O
con	O
potencialidades	O
para	O
seguir	O
desarrollándola	O
.	O
“	O
Por	O
qué	O
una	O
parte	O
importante	O
de	O
las	O
medidas	O
que	O
ha	O
tomado	O
el	O
Gobierno	O
de	O
Cuba	GPE
.	O
para	O
arreciar	O
EE.UU	GPE
y	O
de	O
la	O
el bloqueo	EVENT
están	O
orientadas	O
a	O
limitarnos	O
el	O
turismo	O
,	O
a	O
impedir	O
que	O
vengan	O
los	O
Ley Helms - Burton	LAW
a	O
norteamericanos	NORP
,	O
a	O
presionar	O
a	O
las	O
agencias	O
de	O
viaje	O
,	O
porque	O
saben	O
que	O
nos	O
impactan	O
”	O
,	O
explicó	O
.	O
Sobre	O
el	O
propio	O
tema	O
,	O
Cuba	GPE
,	O
ministro	O
de	O
Turismo	O
,	O
dijo	O
que	O
hoy	O
el	O
país	O
cuenta	O
con	O
26	O
empresas	O
mixtas	O
en	O
el	O
sector	O
,	O
en	O
las	O
que	O
predominan	O
los	O
contratos	O
de	O
administración	O
y	O
comercialización	O
que	O
garantizan	O
la	O
soberanía	O
nacional	O
y	O
el	O
ingreso	O
de	O
divisas	O
.	O
Se	O
refirió	O
así	O
mismo	O
a	O
los	O
retos	O
en	O
materia	O
de	O
captación	O
de	O
nuevos	O
inversores	O
y	O
la	O
identificación	O
en	O
cada	O
territorio	O
de	O
nuevos	O
atractivos	O
turísticos	O
.	O
Entre	O
tanto	O
Manuel Marrero Cruz	PER
,	O
titular	O
de	O
Comercio	O
Interior	O
,	O
expresó	O
que	O
,	O
aunque	O
se	O
ha	O
avanzado	O
poco	O
en	O
el	O
organismo	O
que	O
dirige	O
,	O
ya	O
se	O
creó	O
la	O
sociedad	O
mercantil	O
que	O
permita	O
la	O
asociación	O
con	O
los	O
inversores	O
extranjeros	O
.	O
Adelantó	O
también	O
que	O
la	O
empresa	O
Betsy Velázquez	PER
firmó	O
contratos	O
con	O
usuarios	O
de	O
la	O
Gran Comercial	ORG
,	O
lo	O
que	O
le	O
permitirá	O
,	O
bajo	O
el	O
amparo	O
de	O
las	O
nuevas	O
prerrogativas	O
,	O
retener	O
el	O
50	O
%	O
de	O
las	O
divisas	O
libremente	O
convertibles	O
y	O
con	O
esto	O
sostener	O
su	O
infraestructura	O
de	O
almacenes	O
.	O
“	O
Tenemos	O
siete	O
proyectos	O
identificados	O
para	O
la	O
colaboración	O
.	O
Ya	O
diseñamos	O
un	O
proyecto	O
para	O
la	O
atención	O
a	O
las	O
personas	O
postradas	O
,	O
otro	O
apuesta	O
por	O
el	O
empaque	O
de	O
productos	O
secos	O
y	O
un	O
tercero	O
se	O
relaciona	O
con	O
la	O
canastilla	O
para	O
incorporarle	O
nuevos	O
implementos	O
”	O
,	O
precisó	O
.	O
Al	O
comentar	O
sobre	O
la	O
temática	O
,	O
Zona Especial de Desarrollo Mariel	LOC
,	O
ministro	O
de	O
Transporte	O
,	O
dijo	O
que	O
su	O
sector	O
tiene	O
6	O
negocios	O
que	O
comprenden	O
la	O
aviación	O
,	O
el	O
transporte	O
automotor	O
y	O
la	O
actividad	O
portuaria	O
;	O
mientras	O
que	O
se	O
trabaja	O
en	O
la	O
concesión	O
del	O
Eduardo Rodríguez Dávila	PER
,	O
y	O
en	O
un	O
proyecto	O
de	O
rehabilitación	O
de	O
las	O
líneas	O
férreas	O
.	O
A	O
tener	O
una	O
mirada	O
práctica	O
con	O
respecto	O
a	O
la	O
sustitución	O
de	O
importaciones	O
,	O
sobre	O
la	O
base	O
de	O
las	O
potencialidades	O
de	O
la	O
industria	O
nacional	O
con	O
productos	O
competitivos	O
y	O
de	O
calidad	O
,	O
fue	O
el	O
llamado	O
que	O
hizo	O
durante	O
esta	O
jornada	O
el	O
ministro	O
de	O
Economía	O
y	O
Planificación	O
(	O
aeropuerto José Martí	LOC
)	O
,	O
MEP	ORG
,	O
durante	O
los	O
debates	O
que	O
sostuvieron	O
los	O
diputados	O
de	O
la	O
comisión	O
de	O
Asuntos	O
Económicos	O
de	O
la	O
Alejandro Gil Fernández	PER
.	O
“	O
Hemos	O
estado	O
importado	O
por	O
encima	O
de	O
las	O
posibilidades	O
de	O
la	O
economía	O
.	O
Muestra	O
de	O
ello	O
son	O
los	O
altos	O
niveles	O
de	O
endeudamiento	O
que	O
tenemos	O
.	O
Hay	O
que	O
obligatoriamente	O
disminuir	O
este	O
indicador	O
y	O
que	O
eso	O
no	O
conduzca	O
a	O
una	O
contracción	O
económica	O
”	O
.	O
“	O
Muchas	O
veces	O
escuchamos	O
que	O
un	O
producto	O
sustituye	O
importaciones	O
;	O
sin	O
embargo	O
,	O
es	O
oportuno	O
preguntarnos	O
para	O
hablar	O
de	O
sustitución	O
efectiva	O
,	O
si	O
éste	O
tiene	O
calidad	O
y	O
precio	O
adecuado	O
en	O
comparación	O
con	O
el	O
mercado	O
internacional	O
”	O
,	O
sostuvo	O
.	O
Al	O
comentar	O
sobre	O
la	O
disponibilidad	O
monetaria	O
para	O
respaldar	O
a	O
la	O
industria	O
nacional	O
dijo	O
que	O
esta	O
tendrá	O
prioridad	O
.	O
“	O
En	O
ocasiones	O
sucede	O
que	O
no	O
llega	O
la	O
divisa	O
al	O
sector	O
empresarial	O
,	O
pero	O
los	O
organismos	O
exportadores	O
sí	O
la	O
tienen	O
y	O
prefieren	O
importar	O
los	O
bienes	O
.	O
Es	O
por	O
eso	O
que	O
hay	O
que	O
crear	O
las	O
condiciones	O
financieras	O
para	O
que	O
las	O
entidades	O
tengan	O
esa	O
posibilidad	O
”	O
.	O
Reconoció	O
que	O
,	O
en	O
las	O
condiciones	O
actuales	O
de	O
la	O
economía	O
,	O
matizada	O
por	O
la	O
dualidad	O
cambiaria	O
y	O
la	O
sobreevaluación	O
de	O
la	O
moneda	O
nacional	O
,	O
se	O
incentiva	O
la	O
mentalidad	O
importadora	O
.	O
“	O
Debemos	O
proteger	O
la	O
industria	O
nacional	O
,	O
la	O
cual	O
nos	O
da	O
soberanía	O
,	O
seguridad	O
y	O
genera	O
empleo	O
y	O
alto	O
valor	O
agregado	O
que	O
garantiza	O
una	O
buena	O
remuneración	O
para	O
nuestra	O
población	O
.	O
La	O
mentalidad	O
importadora	O
afecta	O
la	O
creatividad	O
y	O
limita	O
la	O
búsqueda	O
de	O
soluciones	O
”	O
,	O
sentenció	O
.	O
Demandó	O
en	O
este	O
sentido	O
respaldar	O
con	O
producciones	O
y	O
no	O
solo	O
con	O
voluntad	O
,	O
la	O
política	O
.	O
“	O
Hay	O
que	O
ponerle	O
rigor	O
a	O
la	O
producción	O
nacional	O
,	O
si	O
ponemos	O
dinero	O
en	O
la	O
industria	O
y	O
esta	O
no	O
cumple	O
,	O
no	O
hay	O
dinero	O
para	O
importar	O
”	O
.	O
Hizo	O
referencia	O
a	O
la	O
necesidad	O
de	O
lograr	O
encadenamientos	O
productivos	O
que	O
generen	O
sinergia	O
dentro	O
de	O
la	O
nación	O
,	O
en	O
consonancia	O
con	O
la	O
mirada	O
colectiva	O
que	O
impone	O
mayores	O
tasas	O
de	O
crecimiento	O
.	O
“	O
Estamos	O
buscando	O
que	O
una	O
parte	O
de	O
la	O
liquidez	O
que	O
se	O
genere	O
en	O
el	O
país	O
por	O
las	O
exportaciones	O
se	O
pueda	O
drenar	O
a	O
lo	O
interno	O
de	O
la	O
economía	O
.	O
Aspiramos	O
lograr	O
un	O
ciclo	O
en	O
el	O
que	O
se	O
le	O
pueda	O
pagar	O
al	O
productor	O
nacional	O
,	O
producir	O
,	O
reaprovisionar	O
y	O
volver	O
a	O
producir	O
.	O
Ejemplo	O
de	O
ello	O
es	O
el	O
Asamblea Nacional	ORG
o	O
la	O
propia	O
Ministerio del Turismo	ORG
”	O
,	O
comentó	O
.	O
“	O
Ese	O
es	O
el	O
debate	O
de	O
cara	O
al	O
plan	O
2020	O
:	O
Disminuir	O
importaciones	O
y	O
aumentar	O
la	O
producción	O
nacional	O
.	O
No	O
mirar	O
del	O
morro	O
pa	O
'	O
afuera	O
”	O
,	O
concluyó	O
.	O
Entendida	O
como	O
la	O
producción	O
de	O
bienes	O
y	O
servicios	O
que	O
pueden	O
realizarse	O
por	O
entidades	O
nacionales	O
,	O
“	O
con	O
calidad	O
aceptada	O
y	O
precios	O
competitivos	O
referente	O
a	O
la	O
divisa	O
y	O
que	O
garantiza	O
la	O
utilización	O
de	O
las	O
capacidades	O
existentes	O
y	O
disminuyen	O
su	O
compra	O
en	O
el	O
mercado	O
internacional	O
”	O
,	O
la	O
sustitución	O
de	O
importaciones	O
es	O
clave	O
hoy	O
en	O
la	O
economía	O
nacional	O
.	O
Al	O
decir	O
de	O
Zona Especial de Desarrollo Mariel	LOC
,	O
viceministra	O
del	O
Mara Ramos Lemus	PER
,	O
en	O
el	O
MEP	ORG
este	O
concepto	O
no	O
se	O
trabajó	O
en	O
las	O
indicaciones	O
metodológicas	O
para	O
la	O
elaboración	O
del	O
plan	O
,	O
hecho	O
que	O
limitó	O
su	O
efectividad	O
.	O
“	O
Preliminarmente	O
se	O
evaluó	O
las	O
capacidades	O
disponibles	O
en	O
las	O
industrias	O
,	O
las	O
demandas	O
recibidas	O
y	O
el	O
impacto	O
en	O
el	O
ahorro	O
en	O
USD	O
en	O
una	O
selección	O
de	O
bienes	O
.	O
Los	O
principales	O
destinos	O
de	O
los	O
productos	O
fueron	O
el	O
año 2019	DATETIME
y	O
las	O
tiendas	O
Ministerio del Turismo	ORG
y	O
Cimex	ORG
”	O
.	O
Según	O
informó	O
la	O
funcionaria	O
,	O
68	O
productos	O
fueron	O
seleccionados	O
para	O
este	O
cometido	O
en	O
el	O
año	O
,	O
sin	O
embargo	O
,	O
de	O
los	O
54	O
planificados	O
hasta	O
Caribe	ORG
,	O
solo	O
se	O
logró	O
cumplir	O
34	O
.	O
“	O
De	O
un	O
plan	O
de	O
ahorro	O
anual	O
de	O
183	O
millones	O
de	O
pesos	O
,	O
hasta	O
mayo	O
solo	O
se	O
han	O
ejecutado	O
41,4	O
millones	O
para	O
un	O
26	O
%	O
de	O
la	O
desagregación	O
del	O
plan	O
”	O
.	O
Explicó	O
que	O
para	O
las	O
mayo	DATETIME
se	O
planificó	O
la	O
entrega	O
por	O
la	O
industria	O
nacional	O
149	O
productos	O
genéricos	O
,	O
de	O
los	O
cuales	O
solo	O
se	O
cumplió	O
el	O
89	O
%	O
.	O
Ante	O
esta	O
situación	O
,	O
Cadenas de Tiendas Cimex y Caribe	ORG
,	O
esbozó	O
que	O
para	O
el	O
Ramos Lemus	PER
se	O
priorizará	O
la	O
asignación	O
de	O
recursos	O
financieros	O
y	O
materiales	O
a	O
la	O
industria	O
nacional	O
en	O
virtud	O
de	O
lograr	O
el	O
máximo	O
aprovechamiento	O
de	O
las	O
capacidades	O
existentes	O
,	O
se	O
incluirá	O
en	O
el	O
plan	O
de	O
la	O
economía	O
el	O
capítulo	O
de	O
sustitución	O
de	O
importaciones	O
,	O
a	O
la	O
vez	O
que	O
se	O
potenciará	O
la	O
año 2020	DATETIME
para	O
conocer	O
las	O
potencialidades	O
existentes	O
.	O
"	O
Nos	O
tomamos	O
la	O
seguridad	O
y	O
la	O
privacidad	O
de	O
nuestros	O
clientes	O
con	O
extrema	O
seriedad	O
.	O
Hemos	O
concluido	O
que	O
desactivar	O
la	O
aplicación	O
era	O
la	O
decisión	O
correcta	O
ya	O
que	O
este	O
error	O
de	O
software	O
podría	O
permitir	O
que	O
alguien	O
escuchase	O
sin	O
permiso	O
el	O
iPhone	O
de	O
otro	O
cliente	O
"	O
,	O
indicó	O
en	O
un	O
comunicado	O
.	O
La	O
empresa	O
,	O
que	O
aseguró	O
no	O
tener	O
constancia	O
de	O
que	O
nadie	O
haya	O
usado	O
la	O
	O
vulnerabilidad	O
para	O
espiar	O
conversaciones	O
ajenas	O
,	O
pidió	O
disculpas	O
a	O
los	O
usuarios	O
por	O
las	O
molestias	O
causadas	O
y	O
prometió	O
reactivar	O
la	O
función	O
de	O
walkie	O
-	O
talkie	O
"	O
tan	O
pronto	O
como	O
sea	O
posible	O
"	O
.	O
La	O
aplicación	O
de	O
walkie	O
-	O
talkie	O
fue	O
añadida	O
al	O
reloj	O
inteligente	O
en	O
septiembre	O
pasado	O
con	O
el	O
nuevo	O
sistema	O
operativo	O
Apple	ORG
5	O
y	O
permite	O
que	O
dos	O
usuarios	O
que	O
previamente	O
hayan	O
aceptado	O
sendas	O
invitaciones	O
puedan	O
enviar	O
y	O
recibir	O
mensajes	O
de	O
voz	O
al	O
pulsar	O
un	O
botón	O
para	O
hablar	O
,	O
tal	O
y	O
como	O
operan	O
los	O
walkie	O
-	O
talkies	O
tradicionales	O
.	O
watchOS	PRODUCT
,	O
la	O
firma	O
que	O
dirige	O
En enero	DATETIME
también	O
tuvo	O
que	O
desactivar	O
temporalmente	O
la	O
función	O
de	O
llamadas	O
de	O
grupo	O
en	O
el	O
Tim Cook	PER
mediante	O
FaceTime	O
(	O
la	O
modalidad	O
que	O
permite	O
videoconferencias	O
entre	O
más	O
de	O
dos	O
interlocutores	O
)	O
	O
al	O
haber	O
detectado	O
una	O
vulnerabilidad	O
similar	O
en	O
el	O
software	O
.	O
El	O
error	O
hacía	O
que	O
cuando	O
un	O
usuario	O
de	O
iPhone	PRODUCT
llamaba	O
a	O
otras	O
personas	O
en	O
el	O
modo	O
de	O
grupo	O
,	O
este	O
pudiese	O
escuchar	O
lo	O
que	O
se	O
estaba	O
diciendo	O
antes	O
de	O
que	O
los	O
participantes	O
en	O
la	O
conversación	O
le	O
aceptasen	O
.	O
En	O
esa	O
ocasión	O
,	O
fue	O
un	O
joven	O
de	O
14	O
años	O
de	O
iPhone	PRODUCT
(	O
Arizona	GPE
.	O
)	O
quien	O
descubrió	O
	O
el	O
error	O
cuando	O
llamó	O
a	O
unos	O
amigos	O
a	O
través	O
de	O
EE.UU	GPE
,	O
tras	O
lo	O
cual	O
su	O
madre	O
se	O
puso	O
en	O
contacto	O
con	O
la	O
empresa	O
,	O
y	O
FaceTime	PRODUCT
tardó	O
unos	O
días	O
hasta	O
volver	O
a	O
activar	O
el	O
servicio	O
Apple	ORG
.	O
En	O
un	O
encuentro	O
con	O
la	O
prensa	O
tras	O
la	O
sesión	O
de	O
la	O
,	O
Comisión de Relaciones Internacionales del Parlamento	ORG
,	O
director	O
general	O
para	O
Carlos Fernández de Cossío	PER
de	O
la	O
Cancillería	O
,	O
dijo	O
Estados Unidos	GPE
que	O
el	O
este lunes	DATETIME
ha	O
enrumbado	O
su	O
política	O
hacia	O
gobierno norteamericano	NORP
en	O
un	O
curso	O
de	O
hostilidad	O
que	O
busca	O
,	O
por	O
diferentes	O
vías	O
,	O
hacer	O
“	O
que	O
la	O
vida	O
del	O
cubano	O
se	O
haga	O
lo	O
más	O
dura	O
posible	O
”	O
y	O
,	O
a	O
la	O
vez	O
,	O
poner	O
obstáculos	O
al	O
apoyo	O
en	O
ese	O
país	O
a	O
una	O
relación	O
más	O
respetuosa	O
y	O
civilizada	O
entre	O
ambas	O
naciones	O
.	O
Cuba	GPE
dijo	O
haber	O
hablado	O
a	O
los	O
diputados	O
sobre	O
el	O
contexto	O
actual	O
de	O
las	O
relaciones	O
entre	O
Cossío	PER
y	O
Cuba	GPE
,	O
“	O
que	O
están	O
en	O
un	O
estado	O
que	O
no	O
se	O
puede	O
considerar	O
positivo	O
.	O
Basta	O
con	O
observar	O
las	O
declaraciones	O
cotidianas	O
de	O
quienes	O
tienen	O
responsabilidad	O
en	O
la	O
política	O
exterior	O
de	O
Estados Unidos	GPE
.	O
para	O
darse	O
cuenta	O
de	O
que	O
,	O
sobre	O
la	O
base	O
de	O
la	O
mentira	O
,	O
en	O
muchas	O
ocasiones	O
sobre	O
la	O
base	O
de	O
la	O
fabricación	O
de	O
pretextos	O
,	O
buscan	O
siempre	O
un	O
sentido	O
de	O
hostilidad	O
hacia	O
nuestro	O
país	O
”	O
.	O
El	O
director	O
general	O
para	O
EE.UU	GPE
de	O
la	O
Cancillería	O
señaló	O
que	O
el	O
pueblo	O
conoce	O
la	O
aplicación	O
de	O
medidas	O
adicionales	O
de	O
bloqueo	O
económico	O
,	O
“	O
con	O
lo	O
que	O
buscan	O
el	O
propósito	O
perseguido	O
durante	O
décadas	O
:	O
asfixiar	O
la	O
economía	O
cubana	O
,	O
causar	O
daño	O
al	O
nivel	O
de	O
vida	O
de	O
la	O
población	O
,	O
y	O
,	O
si	O
fuera	O
posible	O
,	O
afectar	O
los	O
financiamientos	O
que	O
requiere	O
Cuba	O
para	O
el	O
desarrollo	O
e	O
interrumpir	O
las	O
fuentes	O
de	O
suministros	O
para	O
la	O
economía	O
;	O
interrumpir	O
o	O
entorpecer	O
los	O
procesos	O
productivos	O
y	O
dañar	O
los	O
servicios	O
sociales	O
de	O
los	O
que	O
depende	O
la	O
población	O
…	O
En	O
resumen	O
,	O
que	O
la	O
vida	O
del	O
cubano	O
se	O
haga	O
lo	O
más	O
dura	O
posible	O
”	O
.	O
Se	O
trata	O
,	O
dijo	O
,	O
de	O
“	O
poner	O
obstáculos	O
a	O
las	O
transformaciones	O
que	O
está	O
llevando	O
a	O
cabo	O
el	O
país	O
con	O
el	O
propósito	O
de	O
alcanzar	O
un	O
desarrollo	O
socialista	O
,	O
próspero	O
y	O
sostenible	O
para	O
nuestra	O
población	O
,	O
cambiando	O
lo	O
que	O
tenga	O
que	O
ser	O
cambiado	O
,	O
como	O
dice	O
el	O
concepto	O
del	O
Comandante	O
en	O
Jefe	O
,	O
pero	O
,	O
además	O
,	O
sobre	O
la	O
base	O
del	O
diseño	O
que	O
nuestro	O
país	O
ya	O
ha	O
hecho	O
y	O
los	O
principios	O
que	O
ha	O
abrazado	O
en	O
su	O
conceptualización	O
del	O
modelo	O
socialista	O
”	O
.	O
Estados Unidos	GPE
precisó	O
que	O
,	O
hasta	O
el	O
momento	O
,	O
no	O
ha	O
tenido	O
éxito	O
ninguna	O
de	O
las	O
demandas	O
que	O
se	O
han	O
presentado	O
contra	O
algún	O
inversionista	O
extranjero	O
con	O
intereses	O
en	O
Cossío	PER
,	O
amparadas	O
en	O
la	O
Cuba	GPE
.	O
El	O
rechazo	O
a	O
la	O
Ley Helms - Burton	LAW
“	O
es	O
tan	O
viejo	O
como	O
la	O
propia	O
ley	O
,	O
que	O
se	O
aplica	O
en	O
su	O
totalidad	O
Helms - Burton	LAW
.	O
Desde	O
entonces	O
,	O
ha	O
habido	O
rechazo	O
de	O
la	O
comunidad	O
internacional	O
,	O
con	O
más	O
fuerza	O
en	O
aquellos	O
países	O
que	O
más	O
intercambio	O
tienen	O
con	O
desde 1996	DATETIME
,	O
en	O
particular	O
los	O
que	O
se	O
han	O
opuesto	O
a	O
la	O
aplicación	O
del	O
Cuba	GPE
y	O
el	O
Título III	LAW
de	O
esa	O
legislación	O
”	O
.	O
En	O
ese	O
sentido	O
,	O
recordó	O
que	O
desde	O
los	O
Título IV	LAW
se	O
vio	O
un	O
rechazo	O
más	O
pronunciado	O
de	O
los	O
países	O
años noventa	DATETIME
y	O
europeos	NORP
,	O
y	O
de	O
latinoamericanos	NORP
,	O
porque	O
eran	O
los	O
que	O
mayor	O
intercambio	O
tenían	O
con	O
Canadá	GPE
.	O
“	O
Lo	O
cierto	O
es	O
que	O
Cuba	GPE
,	O
en	O
su	O
conjunto	O
,	O
es	O
rechazado	O
anualmente	O
,	O
de	O
manera	O
casi	O
unánime	O
,	O
en	O
las	O
el bloqueo económico	EVENT
,	O
como	O
sucederá	O
otra	O
vez	O
Naciones Unidas	ORG
.	O
Más	O
recientemente	O
,	O
a	O
raíz	O
de	O
las	O
medidas	O
adicionales	O
que	O
ha	O
adoptado	O
el	O
gobierno	O
de	O
este año	DATETIME
,	O
es	O
cierto	O
que	O
ante	O
embajadas	O
de	O
Washington	GPE
.	O
y	O
algunos	O
de	O
sus	O
consulados	O
en	O
varios	O
países	O
,	O
pero	O
también	O
en	O
pronunciamientos	O
de	O
parlamentos	O
y	O
políticos	O
,	O
se	O
ha	O
expresado	O
el	O
rechazo	O
de	O
la	O
comunidad	O
internacional	O
a	O
la	O
política	O
de	O
EE.UU	GPE
”	O
,	O
refirió	O
Estados Unidos	GPE
.	O
“	O
Cossío	PER
se	O
aísla	O
cada	O
vez	O
más	O
al	O
aplicar	O
a	O
Estados Unidos	GPE
sanciones	O
unilaterales	O
,	O
que	O
tienen	O
un	O
efecto	O
extraterritorial	O
,	O
fuera	O
de	O
las	O
fronteras	O
Cuba	GPE
,	O
en	O
la	O
jurisdicción	O
de	O
otros	O
países	O
”	O
,	O
subrayó	O
.	O
En	O
el	O
campo	O
de	O
la	O
política	O
exterior	O
,	O
hay	O
un	O
reconocimiento	O
al	O
esfuerzo	O
que	O
hace	O
cubanas	NORP
.	O
“	O
Como	O
fruto	O
de	O
la	O
trayectoria	O
histórica	O
de	O
la	O
política	O
exterior	O
de	O
Cuba	GPE
,	O
nuestro	O
país	O
tiene	O
hoy	O
relaciones	O
de	O
amistad	O
,	O
y	O
en	O
muchos	O
casos	O
de	O
cooperación	O
,	O
con	O
prácticamente	O
todos	O
los	O
países	O
del	O
mundo	O
.	O
Donde	O
único	O
nosotros	O
tenemos	O
un	O
desafío	O
de	O
envergadura	O
es	O
con	O
los	O
la Revolución Cubana	EVENT
,	O
que	O
aplica	O
contra	O
Estados Unidos	GPE
una	O
política	O
que	O
es	O
ilegítima	O
,	O
rechazada	O
por	O
la	O
comunidad	O
internacional	O
y	O
que	O
busca	O
,	O
justamente	O
,	O
coartar	O
los	O
esfuerzos	O
de	O
desarrollo	O
y	O
de	O
beneficio	O
para	O
la	O
Cuba	GPE
”	O
,	O
destacó	O
el	O
alto	O
funcionario	O
.	O
“	O
Nosotros	O
,	O
como	O
parte	O
de	O
nuestras	O
relaciones	O
,	O
recibimos	O
cooperación	O
de	O
países	O
que	O
intercambian	O
con	O
población cubana	NORP
legítimamente	O
y	O
que	O
participan	O
,	O
o	O
están	O
dispuestos	O
a	O
participar	O
,	O
en	O
el	O
desarrollo	O
de	O
la	O
Isla	O
.	O
Es	O
desde	O
Cuba	GPE
desde	O
donde	O
recibimos	O
una	O
hostilidad	O
contra	O
lo	O
que	O
queremos	O
hacer	O
legítimamente	O
”	O
,	O
recalcó	O
.	O
En	O
otro	O
momento	O
,	O
Estados Unidos	GPE
apuntó	O
el	O
hecho	O
de	O
que	O
la	O
mayoría	O
del	O
pueblo	O
de	O
los	O
Cossío	PER
.	O
prefiere	O
una	O
mejor	O
relación	O
con	O
la	O
nación	O
caribeña	O
.	O
“	O
No	O
estamos	O
diciendo	O
que	O
la	O
mayoría	O
de	O
la	O
población	O
coincida	O
ideológica	O
o	O
políticamente	O
con	O
lo	O
que	O
hacemos	O
en	O
EE.UU	GPE
,	O
como	O
estoy	O
seguro	O
de	O
que	O
no	O
coincide	O
con	O
otros	O
muchos	O
países	O
,	O
pero	O
prefieren	O
,	O
y	O
lo	O
han	O
demostrado	O
con	O
acciones	O
y	O
con	O
la	O
cantidad	O
de	O
Cuba	GPE
dispuestos	O
a	O
viajar	O
a	O
nuestro	O
país	O
,	O
a	O
pesar	O
de	O
las	O
limitaciones	O
,	O
que	O
prefieren	O
una	O
relación	O
respetuosa	O
y	O
civilizada	O
con	O
estadounidenses	NORP
,	O
como	O
lo	O
prefiere	O
la	O
mayoría	O
de	O
los	O
Cuba	GPE
que	O
han	O
decidido	O
residir	O
en	O
los	O
cubanos	NORP
”	O
.	O
En	O
ese	O
sentido	O
,	O
dijo	O
que	O
la	O
tendencia	O
es	O
a	O
favor	O
de	O
un	O
mejor	O
entendimiento	O
y	O
una	O
mejor	O
relación	O
,	O
algo	O
que	O
los	O
políticos	O
actuales	O
,	O
que	O
están	O
en	O
el	O
gobierno	O
de	O
Estados Unidos	GPE
.	O
,	O
se	O
proponen	O
frenar	O
poniendo	O
la	O
mayor	O
cantidad	O
de	O
obstáculos	O
posible	O
.	O
“	O
Eso	O
,	O
en	O
cierta	O
medida	O
,	O
explica	O
la	O
EE.UU	GPE
,	O
un	O
propósito	O
de	O
poner	O
obstáculos	O
a	O
la	O
tendencia	O
de	O
acercamiento	O
entre	O
los	O
dos	O
países	O
”	O
,	O
afirmó	O
.	O
Y	O
concluyó	O
:	O
“	O
¿	O
Por	O
qué	O
el	O
gobierno	O
de	O
Ley Helms - Burton	LAW
.	O
actúa	O
de	O
esa	O
manera	O
si	O
no	O
refleja	O
el	O
sentimiento	O
mayoritario	O
de	O
los	O
EE.UU	GPE
y	O
de	O
los	O
estadounidenses	NORP
que	O
residen	O
en	O
ese	O
país	O
?	O
Esa	O
es	O
una	O
pregunta	O
que	O
habría	O
que	O
hacerle	O
al	O
cubanos	NORP
,	O
y	O
a	O
la	O
concepción	O
de	O
la	O
democracia	O
que	O
pueda	O
haber	O
en	O
ese	O
país	O
”	O
.	O
En	O
,	O
la	O
tercera	O
parte	O
de	O
los	O
responsables	O
de	O
ataques	O
en	O
escuelas	O
,	O
templos	O
o	O
establecimientos	O
a	O
nivel	O
nacional	O
el	O
Estados Unidos	GPE
tenían	O
antecedentes	O
de	O
violencia	O
doméstica	O
grave	O
,	O
dos	O
terceras	O
partes	O
padecían	O
problemas	O
mentales	O
y	O
casi	O
todos	O
expresaron	O
amenazas	O
o	O
mensajes	O
que	O
inquietaron	O
a	O
otros	O
antes	O
de	O
que	O
ocurrieran	O
los	O
actos	O
,	O
de	O
acuerdo	O
a	O
un	O
reporte	O
del	O
Servicio	O
Secreto	O
sobre	O
tiroteos	O
masivos	O
.	O
El	O
año pasado	DATETIME
estudió	O
27	O
incidentes	O
en	O
lugares	O
públicos	O
en	O
los	O
que	O
fallecieron	O
un	O
total	O
de	O
91	O
personas	O
y	O
otras	O
107	O
resultaron	O
heridas	O
Servicio Secreto	ORG
.	O
Entre	O
los	O
eventos	O
analizados	O
se	O
incluyen	O
la	O
masacre	O
en	O
la	O
escuela	O
secundaria	O
en 2018	DATETIME
,	O
Marjory Stoneman Douglas de Parkland	LOC
,	O
en	O
la	O
que	O
hubo	O
17	O
muertos	O
y	O
17	O
heridos	O
,	O
y	O
el	O
ataque	O
en	O
la	O
Florida	GPE
de	O
Sinagoga Tree of Life	LOC
.	O
El	O
reporte	O
analizó	O
el	O
momento	O
,	O
las	O
armas	O
utilizadas	O
,	O
los	O
lugares	O
y	O
los	O
factores	O
estresantes	O
del	O
atacante	O
,	O
además	O
de	O
los	O
eventos	O
previos	O
al	O
incidente	O
,	O
en	O
un	O
intento	O
por	O
entender	O
de	O
mejor	O
manera	O
cómo	O
se	O
perpetraron	O
los	O
atentados	O
y	O
cómo	O
prevenirlos	O
.	O
Miembros	O
del	O
Pittsburgh	GPE
,	O
que	O
realizaron	O
el	O
estudio	O
,	O
presentaron	O
sus	O
conclusiones	O
a	O
la	O
policía	O
y	O
a	O
funcionarios	O
escolares	O
y	O
de	O
seguridad	O
pública	O
durante	O
un	O
seminario	O
realizado	O
el	O
Centro de Evaluación de Amenazas Nacionales del Servicio Secreto	ORG
.	O
“	O
Queremos	O
que	O
la	O
comunidad	O
sepa	O
que	O
la	O
prevención	O
es	O
responsabilidad	O
de	O
todos	O
y	O
no	O
sólo	O
de	O
las	O
autoridades	O
”	O
,	O
dijo	O
martes	DATETIME
,	O
directora	O
del	O
centro	O
.	O
Otros	O
incidentes	O
analizados	O
incluyen	O
el	O
de	O
un	O
hombre	O
que	O
condujo	O
su	O
camioneta	O
hacia	O
una	O
clínica	O
de	O
Lina Alathari	PER
en	O
Planned Parenthood	LOC
que	O
dejó	O
a	O
tres	O
personas	O
heridas	O
,	O
y	O
el	O
de	O
un	O
hombre	O
que	O
mató	O
a	O
dos	O
personas	O
en	O
un	O
despacho	O
legal	O
y	O
a	O
una	O
más	O
en	O
un	O
consultorio	O
psiquiátrico	O
Nueva Jersey	GPE
.	O
El	O
criterio	O
para	O
ser	O
parte	O
del	O
estudio	O
eran	O
incidentes	O
en	O
espacios	O
públicos	O
en	O
los	O
que	O
hubiera	O
al	O
menos	O
tres	O
personas	O
lesionadas	O
.	O
La	O
mayoría	O
de	O
los	O
atacantes	O
eran	O
hombres	O
,	O
de	O
entre	O
15	O
y	O
64	O
años	O
de	O
edad	O
.	O
Los	O
antecedentes	O
de	O
violencia	O
doméstica	O
a	O
menudo	O
incluían	O
incidentes	O
de	O
gravedad	O
.	O
Aunque	O
el	O
67	O
%	O
padecían	O
problemas	O
mentales	O
,	O
solo	O
44	O
%	O
de	O
ellos	O
contaban	O
con	O
un	O
diagnóstico	O
o	O
un	O
tratamiento	O
.	O
La	O
mayoría	O
de	O
los	O
ataques	O
ocurrieron	O
entre	O
semana	O
.	O
Solo	O
uno	O
fue	O
en	O
en junio	DATETIME
.	O
En	O
cuanto	O
a	O
los	O
motivos	O
,	O
más	O
de	O
la	O
mitad	O
de	O
los	O
responsables	O
tenía	O
rencor	O
hacia	O
un	O
cónyuge	O
o	O
familiar	O
,	O
o	O
una	O
disputa	O
personal	O
o	O
laboral	O
.	O
Se	O
desconoce	O
el	O
motivo	O
del	O
22	O
%	O
de	O
los	O
incidentes	O
analizados	O
.	O
En	O
casi	O
la	O
mitad	O
de	O
los	O
casos	O
,	O
el	O
agresor	O
aparentemente	O
tenía	O
un	O
objetivo	O
predeterminado	O
.	O
,	O
el	O
Este jueves	DATETIME
aprobó	O
un	O
impuesto	O
a	O
las	O
grandes	O
empresas	O
de	O
tecnología	O
(	O
la	O
conocida	O
como	O
“	O
tasa	O
Senado de Francia	ORG
”	O
)	O
,	O
lo	O
que	O
podría	O
abrir	O
un	O
nuevo	O
frente	O
en	O
la	O
disputa	O
comercial	O
entre	O
Google	ORG
y	O
la	O
Washington	GPE
.	O
El	O
gravamen	O
del	O
3	O
%	O
se	O
aplicará	O
a	O
los	O
ingresos	O
procedentes	O
de	O
los	O
servicios	O
digitales	O
suministrados	O
en	O
Unión Europea	ORG
por	O
empresas	O
que	O
generen	O
un	O
volumen	O
de	O
negocio	O
superior	O
a	O
los	O
25	O
millones	O
de	O
euros	O
en	O
el	O
mercado	O
galo	O
y	O
750	O
millones	O
en	O
todo	O
el	O
mundo	O
.	O
Una	O
vez	O
en	O
vigor	O
,	O
tendrá	O
efectos	O
retroactivos	O
desde	O
Francia	GPE
.	O
El	O
presidente	O
de	O
principios de 2019	DATETIME
,	O
Estados Unidos	GPE
,	O
ordenó	O
el	O
miércoles	O
abrir	O
una	O
investigación	O
sobre	O
el	O
gravamen	O
,	O
un	O
paso	O
que	O
podría	O
llevar	O
a	O
Donald Trump	PER
a	O
imponer	O
nuevos	O
aranceles	O
u	O
otras	O
restricciones	O
comerciales	O
.	O
“	O
Entre	O
aliados	O
,	O
podemos	O
y	O
debemos	O
resolver	O
nuestras	O
disputas	O
no	O
mediante	O
amenazas	O
,	O
sino	O
a	O
través	O
de	O
otras	O
vías	O
”	O
,	O
dijo	O
a	O
los	O
senadores	O
el	O
ministro	O
de	O
Finanzas	O
francés	O
,	O
Estados Unidos	GPE
,	O
antes	O
de	O
la	O
votación	O
final	O
.	O
“	O
Bruno Le Maire	PER
es	O
un	O
país	O
soberano	O
,	O
sus	O
decisiones	O
en	O
materia	O
fiscal	O
son	O
soberanas	O
y	O
seguirán	O
siéndolo	O
”	O
.	O
Francia	GPE
siguió	O
adelante	O
con	O
la	O
“	O
tasa	O
Francia	GPE
”	O
después	O
de	O
que	O
los	O
países	O
de	O
la	O
Google	ORG
no	O
lograron	O
acordar	O
un	O
impuesto	O
único	O
para	O
todo	O
el	O
bloque	O
ante	O
la	O
oposición	O
de	O
UE	ORG
,	O
Irlanda	GPE
,	O
Dinamarca	GPE
y	O
Suecia	GPE
.	O
Los	O
partidarios	O
de	O
la	O
medida	O
sostienen	O
que	O
se	O
necesita	O
un	O
impuesto	O
especial	O
porque	O
,	O
con	O
el	O
sistema	O
impositivo	O
actual	O
,	O
las	O
grandes	O
multinacionales	O
de	O
Finlandia	GPE
como	O
Internet	PRODUCT
y	O
Facebook	ORG
pueden	O
declarar	O
sus	O
beneficios	O
en	O
países	O
con	O
sistemas	O
impositivos	O
menos	O
estrictos	O
,	O
sin	O
importar	O
de	O
dónde	O
provengan	O
los	O
ingresos	O
.	O
El	O
representante	O
de	O
Comercio	O
,	O
estadounidense	NORP
,	O
y	O
el	O
secretario	O
de	O
Tesoro	O
,	O
Robert Lighthizer	PER
,	O
conversaron	O
el	O
martes	O
con	O
sus	O
homólogos	O
Steven Mnuchin	PER
para	O
intentar	O
poner	O
fin	O
a	O
la	O
disputa	O
comercial	O
entre	O
chinos	NORP
y	O
Washington	GPE
.	O
Los	O
dos	O
representantes	O
del	O
gobierno	O
de	O
Pekín	GPE
hablaron	O
por	O
teléfono	O
con	O
el	O
vice	O
primer	O
ministro	O
Donald Trump	PER
y	O
el	O
ministro	O
Liu He	PER
de	O
Comercio	O
,	O
chino	NORP
,	O
para	O
"	O
continuar	O
las	O
negociaciones	O
para	O
resolver	O
las	O
cuestiones	O
comerciales	O
entre	O
Zhong Shan	PER
y	O
China	GPE
"	O
,	O
indicó	O
el	O
asesor	O
económico	O
de	O
Estados Unidos	GPE
,	O
la Casa Blanca	LOC
.	O
Ambas	O
partes	O
coincidieron	O
en	O
la	O
necesidad	O
de	O
seguir	O
adelante	O
con	O
las	O
conversaciones	O
,	O
dijo	O
Larry Kudlow	PER
.	O
El	O
asesor	O
calificó	O
las	O
negociaciones	O
como	O
"	O
preliminares	O
"	O
,	O
durante	O
una	O
entrevista	O
con	O
Kudlow	PER
,	O
indicando	O
que	O
las	O
reuniones	O
serán	O
'	O
probablemente	O
'	O
organizadas	O
,	O
sin	O
dar	O
más	O
detalles	O
.	O
El	O
ministerio	O
Fox News Business	ORG
de	O
Comercio	O
confirmó	O
esos	O
intercambios	O
telefónicos	O
.	O
chino	NORP
,	O
Liu He	PER
y	O
Lighthizer	PER
hablaron	O
de	O
"	O
la	O
puesta	O
en	O
marcha	O
del	O
consenso	O
alcanzado	O
entre	O
los	O
jefes	O
de	O
Estado	O
de	O
los	O
dos	O
países	O
en	O
Mnuchin	PER
"	O
,	O
durante	O
la	O
reciente	O
Osaka	GPE
en	O
cumbre del G-20	EVENT
,	O
indicó	O
el	O
ministerio	O
en	O
un	O
breve	O
comunicado	O
.	O
Los	O
presidentes	O
Japón	GPE
y	O
Trump	PER
acordaron	O
una	O
tregua	O
en	O
su	O
disputa	O
comercial	O
a	O
base	O
de	O
aranceles	O
,	O
durante	O
la	O
cita	O
en	O
Xi Jinping	PER
a	O
Osaka	GPE
.	O
Ambos	O
decidieron	O
retomar	O
las	O
negociaciones	O
,	O
interrumpidas	O
en	O
finales de junio	DATETIME
porque	O
,	O
según	O
mayo	DATETIME
,	O
Washington	GPE
se	O
había	O
retractado	O
en	O
sus	O
compromisos	O
sobre	O
las	O
relaciones	O
comerciales	O
con	O
Pekín	GPE
.	O
Estados Unidos	GPE
levantó	O
la	O
amenaza	O
de	O
imponer	O
nuevos	O
aranceles	O
a	O
los	O
productos	O
Trump	PER
,	O
que	O
habrían	O
afectado	O
a	O
la	O
totalidad	O
de	O
los	O
más	O
de	O
500.000	O
millones	O
de	O
dólares	O
comprados	O
cada	O
año	O
por	O
su	O
país	O
.	O
"	O
Tenemos	O
una	O
expectativa	O
muy	O
fuerte	O
,	O
y	O
lo	O
quiero	O
subrayar	O
,	O
de	O
que	O
chinos	NORP
en	O
muy	O
corto	O
tiempo	O
,	O
quizás	O
inmediatamente	O
,	O
va	O
a	O
comenzar	O
a	O
comprar	O
productos	O
agrícolas	O
China	GPE
"	O
,	O
dijo	O
estadounidenses	NORP
en	O
la	O
televisión	O
.	O
La	O
reapertura	O
de	O
los	O
diálogos	O
comerciales	O
entre	O
Kudlow	PER
y	O
Estados Unidos	GPE
representan	O
importante	O
y	O
simbólico	O
paso	O
,	O
afirmaron	O
analistas	O
.	O
"	O
Es	O
un	O
acontecimiento	O
simbólico	O
pero	O
muy	O
importante	O
porque	O
ayuda	O
a	O
restablecer	O
la	O
confianza	O
del	O
mercado	O
en	O
un	O
período	O
difícil	O
"	O
,	O
dijo	O
a	O
China	GPE
,	O
economista	O
especializado	O
en	O
comercio	O
internacional	O
de	O
la	O
Xinhua Carlo Altomonte	PER
.	O
Pero	O
la	O
reapertura	O
de	O
las	O
conversaciones	O
no	O
significa	O
que	O
un	O
acuerdo	O
esté	O
cerca	O
,	O
acotó	O
Universidad Bocconi de Milán	LOC
,	O
vicepresidente	O
del	O
Ettore Greco	PER
,	O
un	O
laboratorio	O
de	O
ideas	O
.	O
"	O
Este	O
es	O
un	O
nuevo	O
comienzo	O
para	O
un	O
largo	O
proceso	O
"	O
,	O
dijo	O
Instituto de Asuntos Internacionales	ORG
a	O
Greco	PER
.	O
La	O
última	O
ronda	O
de	O
conversaciones	O
comerciales	O
entre	O
Xinhua	PER
y	O
China	GPE
tuvo	O
lugar	O
en	O
Estados Unidos	GPE
en	O
mayo	O
,	O
durante	O
la	O
cual	O
la	O
Administración	O
Washington	GPE
incrementó	O
los	O
aranceles	O
adicionales	O
en	O
productos	O
estadounidense	NORP
por	O
un	O
valor	O
de	O
200.000	O
millones	O
de	O
dólares	O
,	O
del	O
10	O
al	O
25	O
por	O
ciento	O
,	O
lo	O
que	O
llevó	O
a	O
un	O
estancamiento	O
que	O
duró	O
hasta	O
la	O
reunión	O
del	O
chinos	NORP
.	O
Según	O
el	O
G20	EVENT
,	O
los	O
principales	O
negociadores	O
comerciales	O
de	O
ambas	O
partes	O
sostuvieron	O
una	O
conversación	O
telefónica	O
el	O
Ministerio de Comercio de China	ORG
e	O
intercambiaron	O
opiniones	O
sobre	O
la	O
implementación	O
del	O
consenso	O
alcanzado	O
por	O
los	O
dos	O
jefes	O
de	O
Estado	O
al	O
margen	O
de	O
la	O
martes	DATETIME
cumbre del G20	EVENT
.	O
El	O
portal	O
digital	O
publicó	O
este	O
martes	O
que	O
existen	O
motivos	O
para	O
preocuparse	O
por	O
la	O
recuperación	O
económica	O
en	O
Axios	ORG
,	O
luego	O
de	O
que	O
el	O
indicador	O
de	O
probabilidad	O
de	O
la	O
Estados Unidos	GPE
(	O
Reserva Federal	LOC
)	O
de	O
Fed	LOC
,	O
el	O
cual	O
predice	O
la	O
posible	O
ocurrencia	O
de	O
una	O
recesión	O
,	O
se	O
ubicara	O
en	O
32,9	O
por	O
ciento	O
Nueva York	GPE
.	O
en junio pasado	DATETIME
,	O
directora	O
de	O
comunicaciones	O
de	O
la	O
división	O
Morgan	O
Wealth	O
Management	O
del	O
banco	O
de	O
inversión	O
Morgan	O
Stanley	O
,	O
escribió	O
en	O
una	O
nota	O
dirigida	O
a	O
sus	O
clientes	O
que	O
,	O
Lisa Shalett	PER
,	O
cada	O
vez	O
que	O
ese	O
índice	O
de	O
la	O
desde 1960	DATETIME
neoyorquina	O
superó	O
el	O
30	O
por	O
ciento	O
,	O
se	O
produjo	O
luego	O
recesión	O
.	O
En	O
ese	O
documento	O
citado	O
por	O
Axios	O
,	O
Shalett	O
también	O
señaló	O
la	O
relación	O
oro	O
-	O
plata	O
,	O
la	O
debilidad	O
en	O
las	O
ventas	O
de	O
automóviles	O
,	O
vivienda	O
,	O
manufactura	O
,	O
ganancias	O
y	O
gastos	O
de	O
capital	O
.	O
“	O
Los	O
modelos	O
de	O
probabilidad	O
de	O
recesión	O
han	O
entrado	O
en	O
el	O
territorio	O
de	O
advertencia	O
y	O
puede	O
ser	O
inevitable	O
”	O
,	O
sostuvo	O
.	O
De	O
acuerdo	O
con	O
el	O
servicio	O
de	O
noticias	O
y	O
datos	O
de	O
mercados	O
Markets	O
Insider	O
,	O
la	O
alerta	O
de	O
recesión	O
se	O
ha	O
mantenido	O
alta	O
desde	O
que	O
la	O
curva	O
de	O
rendimiento	O
del	O
Departamento	O
del	O
Tesoro	O
se	O
invirtió	O
en	O
marzo	O
y	O
luego	O
nuevamente	O
en	O
Fed una	NORP
.	O
Para	O
calcular	O
la	O
probabilidad	O
de	O
recesión	O
,	O
el	O
rastreador	O
de	O
la	O
mayo	DATETIME
utiliza	O
específicamente	O
la	O
diferencia	O
entre	O
las	O
tasas	O
del	O
Tesoro	O
a	O
10	O
años	O
y	O
a	O
tres	O
meses	O
.	O
Un	O
diferencial	O
negativo	O
entre	O
las	O
dos	O
ha	O
precedido	O
a	O
todas	O
las	O
recesiones	O
de	O
la	O
posguerra	O
,	O
y	O
actualmente	O
se	O
encuentra	O
negativo	O
desde	O
mayo	O
,	O
advirtió	O
esa	O
fuente	O
.	O
La	O
curva	O
de	O
rendimiento	O
invertida	O
es	O
vista	O
como	O
un	O
indicador	O
de	O
una	O
recesión	O
económica	O
pendiente	O
,	O
porque	O
cuando	O
las	O
tasas	O
de	O
interés	O
a	O
corto	O
plazo	O
exceden	O
las	O
de	O
largo	O
plazo	O
el	O
sentimiento	O
del	O
mercado	O
sugiere	O
una	O
perspectiva	O
pobre	O
a	O
largo	O
plazo	O
,	O
y	O
se	O
cree	O
que	O
los	O
rendimientos	O
ofrecidos	O
por	O
el	O
ingreso	O
fijo	O
continuarán	O
cayendo	O
.	O
El	O
sitio	O
digital	O
de	O
información	O
financiera	O
Fed de Nueva York	NORP
apuntó	O
que	O
inversionistas	O
de	O
Market Watch	ORG
observan	O
con	O
nerviosismo	O
el	O
reciente	O
comportamiento	O
de	O
la	O
curva	O
,	O
cuando	O
la	O
guerra	O
comercial	O
global	O
de	O
la	O
administración	O
de	O
Wall Street	LOC
socava	O
la	O
confianza	O
empresarial	O
y	O
la	O
actividad	O
manufacturera	O
.	O
La	O
estratega	O
de	O
ingresos	O
fijos	O
,	O
Donald Trump	PER
,	O
declaró	O
a	O
esa	O
página	O
web	O
que	O
si	O
la	O
curva	O
de	O
rendimiento	O
se	O
mantiene	O
invertida	O
por	O
un	O
largo	O
periodo	O
,	O
puede	O
influir	O
en	O
el	O
crecimiento	O
económico	O
debido	O
a	O
su	O
efecto	O
corrosivo	O
en	O
las	O
ganancias	O
corporativas	O
.	O
Ello	O
se	O
debe	O
a	O
que	O
llevaría	O
a	O
los	O
bancos	O
a	O
evitar	O
prestar	O
dinero	O
,	O
restringiría	O
el	O
flujo	O
de	O
crédito	O
y	O
aumentaría	O
los	O
costos	O
de	O
los	O
préstamos	O
.	O
De	O
cualquier	O
modo	O
,	O
muchos	O
analistas	O
argumentan	O
que	O
la	O
lectura	O
de	O
la	O
Leslie Falconio	PER
es	O
un	O
solo	O
componente	O
de	O
un	O
sistema	O
de	O
pronóstico	O
de	O
recesión	O
más	O
complejo	O
,	O
y	O
ven	O
los	O
últimos	O
informes	O
de	O
empleo	O
como	O
una	O
señal	O
de	O
que	O
la	O
recuperación	O
económica	O
está	O
funcionando	O
bien	O
.	O
